name,start_date,end_date,executive,council,council_website,id,email,image,party,source,ward
Janet Drummond,,,,Break O'Day Council,http://www.bodc.tas.gov.au/,break_o'day_council/janet_drummond,,,,,
Barry Le Fevre,,,,Break O'Day Council,http://www.bodc.tas.gov.au/,break_o'day_council/barry_le_fevre,,,,,
John McGiveron,,,Deputy Mayor,Break O'Day Council,http://www.bodc.tas.gov.au/,break_o'day_council/john_mcgiveron,,,,,
Glenn McGuiness,,,,Break O'Day Council,http://www.bodc.tas.gov.au/,break_o'day_council/glenn_mcguiness,,,,,
Margaret Osborne,,,,Break O'Day Council,http://www.bodc.tas.gov.au/,break_o'day_council/margaret_osborne,,,,,
Hannah Rubenach,,,,Break O'Day Council,http://www.bodc.tas.gov.au/,break_o'day_council/hannah_rubenach,,,,,
John Tucker,,,,Break O'Day Council,http://www.bodc.tas.gov.au/,break_o'day_council/john_tucker,,,,,
Mick Tucker,,,Mayor,Break O'Day Council,http://www.bodc.tas.gov.au/,break_o'day_council/mick_tucker,,,,,
Kylie Wright,,,,Break O'Day Council,http://www.bodc.tas.gov.au/,break_o'day_council/kylie_wright,,,,,
Barbara Curran,,,Deputy Mayor,Brighton Council,http://www.brighton.tas.gov.au/,brighton_council/barbara_curran,,,,,
Tony Foster,,,Mayor,Brighton Council,http://www.brighton.tas.gov.au/,brighton_council/tony_foster,,,,,
Wayne Garlick,,,,Brighton Council,http://www.brighton.tas.gov.au/,brighton_council/wayne_garlick,,,,,
Peter Geard,,,,Brighton Council,http://www.brighton.tas.gov.au/,brighton_council/peter_geard,,,,,
Leigh Gray,,,,Brighton Council,http://www.brighton.tas.gov.au/,brighton_council/leigh_gray,,,,,
Moya Jeffries,,,,Brighton Council,http://www.brighton.tas.gov.au/,brighton_council/moya_jeffries,,,,,
Phil Owen,,,,Brighton Council,http://www.brighton.tas.gov.au/,brighton_council/phil_owen,,,,,
Geoff Taylor,,,,Brighton Council,http://www.brighton.tas.gov.au/,brighton_council/geoff_taylor,,,,,
Sonya Williams,,,,Brighton Council,http://www.brighton.tas.gov.au/,brighton_council/sonya_williams,,,,,
Robert Bentley,,,,Burnie City Council,http://www.burnie.net/,burnie_city_council/robert_bentley,,,,,
Ron Blake,,,,Burnie City Council,http://www.burnie.net/,burnie_city_council/ron_blake,,,,,
Alvwyn Boyd,,,Deputy Mayor,Burnie City Council,http://www.burnie.net/,burnie_city_council/alvwyn_boyd,,,,,
Teeny Brumby,,,,Burnie City Council,http://www.burnie.net/,burnie_city_council/teeny_brumby,,,,,
Ken Dorsey,,,,Burnie City Council,http://www.burnie.net/,burnie_city_council/ken_dorsey,,,,,
Anita Dow,,,Mayor,Burnie City Council,http://www.burnie.net/,burnie_city_council/anita_dow,,,,,
Sandra French,,,,Burnie City Council,http://www.burnie.net/,burnie_city_council/sandra_french,,,,,
Steven Kons,,,,Burnie City Council,http://www.burnie.net/,burnie_city_council/steven_kons,,,,,
Chris Lynch,,,,Burnie City Council,http://www.burnie.net/,burnie_city_council/chris_lynch,,,,,
John Bloomfield,,,,Central Coast Council,http://www.centralcoast.tas.gov.au/,central_coast_council/john_bloomfield,,,,,
Jan Bonde,,,Mayor,Central Coast Council,http://www.centralcoast.tas.gov.au/,central_coast_council/jan_bonde,,,,,
Shane Broad,,,,Central Coast Council,http://www.centralcoast.tas.gov.au/,central_coast_council/shane_broad,,,,,
Garry Carpenter,,,,Central Coast Council,http://www.centralcoast.tas.gov.au/,central_coast_council/garry_carpenter,,,,,
Kath Downie,,,Deputy Mayor,Central Coast Council,http://www.centralcoast.tas.gov.au/,central_coast_council/kath_downie,,,,,
Gerry Howard,,,,Central Coast Council,http://www.centralcoast.tas.gov.au/,central_coast_council/gerry_howard,,,,,
Rowen Tongs,,,,Central Coast Council,http://www.centralcoast.tas.gov.au/,central_coast_council/rowen_tongs,,,,,
Tony van Rooyen,,,,Central Coast Council,http://www.centralcoast.tas.gov.au/,central_coast_council/tony_van_rooyen,,,,,
Phillip Viney,,,,Central Coast Council,http://www.centralcoast.tas.gov.au/,central_coast_council/phillip_viney,,,,,
Jim Allwright,,,,Central Highlands Council,http://www.centralhighlands.tas.gov.au/,central_highlands_council/jim_allwright,,,,,
Tony Bailey,,,,Central Highlands Council,http://www.centralhighlands.tas.gov.au/,central_highlands_council/tony_bailey,,,,,
Richard Bowden,,,,Central Highlands Council,http://www.centralhighlands.tas.gov.au/,central_highlands_council/richard_bowden,,,,,
Robert Cassidy,,,,Central Highlands Council,http://www.centralhighlands.tas.gov.au/,central_highlands_council/robert_cassidy,,,,,
Andrew Downie,,,Deputy Mayor,Central Highlands Council,http://www.centralhighlands.tas.gov.au/,central_highlands_council/andrew_downie,,,,,
Evan Evans,,,,Central Highlands Council,http://www.centralhighlands.tas.gov.au/,central_highlands_council/evan_evans,,,,,
Deirdre Flint,,,Mayor,Central Highlands Council,http://www.centralhighlands.tas.gov.au/,central_highlands_council/deirdre_flint,,,,,
Erika McRae,,,,Central Highlands Council,http://www.centralhighlands.tas.gov.au/,central_highlands_council/erika_mcrae,,,,,
Loueen (Lou) Triffitt,,,,Central Highlands Council,http://www.centralhighlands.tas.gov.au/,central_highlands_council/loueen_(lou)_triffitt,,,,,
Norman Berechree,,,,Circular Head Council,http://www.circularhead.tas.gov.au/,circular_head_council/norman_berechree,,,,,
Jan Bishop,,,Deputy Mayor,Circular Head Council,http://www.circularhead.tas.gov.au/,circular_head_council/jan_bishop,,,,,
Rod Hardy,,,,Circular Head Council,http://www.circularhead.tas.gov.au/,circular_head_council/rod_hardy,,,,,
Betty Kay,,,,Circular Head Council,http://www.circularhead.tas.gov.au/,circular_head_council/betty_kay,,,,,
John Oldaker,,,,Circular Head Council,http://www.circularhead.tas.gov.au/,circular_head_council/john_oldaker,,,,,
Ashley Popowski,,,,Circular Head Council,http://www.circularhead.tas.gov.au/,circular_head_council/ashley_popowski,,,,,
Nakore Popowski,,,,Circular Head Council,http://www.circularhead.tas.gov.au/,circular_head_council/nakore_popowski,,,,,
Daryl Quilliam,,,,Circular Head Council,http://www.circularhead.tas.gov.au/,circular_head_council/daryl_quilliam,,,,,
Trevor Spinks,,,,Circular Head Council,http://www.circularhead.tas.gov.au/,circular_head_council/trevor_spinks,,,,,
Jock Campbell,,,Deputy Mayor,Clarence City Council,http://www.ccc.tas.gov.au/,clarence_city_council/jock_campbell,ald_jcampbell@ccc.tas.gov.au,http://www.ccc.tas.gov.au/webdata/resources/contact/campbell.jpg,Independent,http://www.ccc.tas.gov.au/page.aspx?u=1150,
Doug Chipman,,,Mayor,Clarence City Council,http://www.ccc.tas.gov.au/,clarence_city_council/doug_chipman,mayor@ccc.tas.gov.au,http://www.ccc.tas.gov.au/webdata/resources/contact/chipman2.jpg,Independent,http://www.ccc.tas.gov.au/page.aspx?u=1148,
Heather Chong,,,,Clarence City Council,http://www.ccc.tas.gov.au/,clarence_city_council/heather_chong,ald_hchong@ccc.tas.gov.au,http://www.ccc.tas.gov.au/webdata/resources/contact/Ald_Chong_Colour_Web.jpg,Independent,http://www.ccc.tas.gov.au/page.aspx?u=1149,
Peter Cusick,,,,Clarence City Council,http://www.ccc.tas.gov.au/,clarence_city_council/peter_cusick,ald_pcusick@ccc.tas.gov.au,http://www.ccc.tas.gov.au/webdata/resources/contact/Ald.Cusick.jpg,Independent,http://www.ccc.tas.gov.au/page.aspx?u=1809,
Doug Doust,,,,Clarence City Council,http://www.ccc.tas.gov.au/,clarence_city_council/doug_doust,ald_ddoust@ccc.tas.gov.au,http://www.ccc.tas.gov.au/webdata/resources/contact/Ald_Doust_DSC0217.jpg,Independent,http://www.ccc.tas.gov.au/page.aspx?u=1610,
Daniel Hulme,,,,Clarence City Council,http://www.ccc.tas.gov.au/,clarence_city_council/daniel_hulme,ald_dhulme@ccc.tas.gov.au,http://www.ccc.tas.gov.au/webdata/resources/contact/Ald.Hulme.jpg,Independent,http://www.ccc.tas.gov.au/page.aspx?u=1810,
Richard James,,,,Clarence City Council,http://www.ccc.tas.gov.au/,clarence_city_council/richard_james,rjames@trump.net.au,http://www.ccc.tas.gov.au/webdata/resources/contact/james.jpg,Independent,http://www.ccc.tas.gov.au/page.aspx?u=1155,
Kay McFarlane,,,,Clarence City Council,http://www.ccc.tas.gov.au/,clarence_city_council/kay_mcfarlane,ald.kmcfarlane@gmail.com,http://www.ccc.tas.gov.au/webdata/resources/contact/mcfarlane1.jpg, Greens,http://www.ccc.tas.gov.au/page.aspx?u=1152,
Jonn Peers,,,,Clarence City Council,http://www.ccc.tas.gov.au/,clarence_city_council/jonn_peers,peersccc@netspace.net.au,http://www.ccc.tas.gov.au/webdata/resources/contact/peers.jpg,Independent,http://www.ccc.tas.gov.au/page.aspx?u=1151,
Debra Thurley,,,,Clarence City Council,http://www.ccc.tas.gov.au/,clarence_city_council/debra_thurley,ald_dthurley@ccc.tas.gov.au,http://www.ccc.tas.gov.au/webdata/resources/contact/Ald.Thurley2.jpg,Independent,http://www.ccc.tas.gov.au/thurley,
Sharyn Von Bertouch,,,,Clarence City Council,http://www.ccc.tas.gov.au/,clarence_city_council/sharyn_von_bertouch,ald_svonbertouch@ccc.tas.gov.au,http://www.ccc.tas.gov.au/webdata/resources/contact/Ald_von-Bertouch_Colour_Web.jpg,Independent,http://www.ccc.tas.gov.au/page.aspx?u=1156,
James Walker,,,,Clarence City Council,http://www.ccc.tas.gov.au/,clarence_city_council/james_walker,ald_jwalker@ccc.tas.gov.au,http://www.ccc.tas.gov.au/webdata/resources/contact/Ald_Walker.jpg,Independent,http://www.ccc.tas.gov.au/page.aspx?u=1633,
Paul Belcher,,,,Derwent Valley Council,http://www.derwentvalley.tas.gov.au/,derwent_valley_council/paul_belcher,,,,,
Damian Bester,,,,Derwent Valley Council,http://www.derwentvalley.tas.gov.au/,derwent_valley_council/damian_bester,,,,,
Martyn Evans,,,Mayor,Derwent Valley Council,http://www.derwentvalley.tas.gov.au/,derwent_valley_council/martyn_evans,,,,,
James Graham,,,,Derwent Valley Council,http://www.derwentvalley.tas.gov.au/,derwent_valley_council/james_graham,,,,,
Barry Lathey,,,,Derwent Valley Council,http://www.derwentvalley.tas.gov.au/,derwent_valley_council/barry_lathey,,,,,
Frank Pearce,,,,Derwent Valley Council,http://www.derwentvalley.tas.gov.au/,derwent_valley_council/frank_pearce,,,,,
Ben Shaw,,,Deputy Mayor,Derwent Valley Council,http://www.derwentvalley.tas.gov.au/,derwent_valley_council/ben_shaw,,,,,
Julie Triffett,,,,Derwent Valley Council,http://www.derwentvalley.tas.gov.au/,derwent_valley_council/julie_triffett,,,,,
Charlie Emmerton,,,,Devonport City Council,http://www.devonport.tas.gov.au/,devonport_city_council/charlie_emmerton,,,,,
Grant Goodwin,,,,Devonport City Council,http://www.devonport.tas.gov.au/,devonport_city_council/grant_goodwin,,,,,
Alison Jarman,,,,Devonport City Council,http://www.devonport.tas.gov.au/,devonport_city_council/alison_jarman,,,,,
Justine Keay,,,,Devonport City Council,http://www.devonport.tas.gov.au/,devonport_city_council/justine_keay,,,,,
Lynn Laycock,,,,Devonport City Council,http://www.devonport.tas.gov.au/,devonport_city_council/lynn_laycock,,,,,
Jeff Matthews,,,,Devonport City Council,http://www.devonport.tas.gov.au/,devonport_city_council/jeff_matthews,,,,,
Steve Martin,,,Mayor,Devonport City Council,http://www.devonport.tas.gov.au/,devonport_city_council/steve_martin,,,,,
Leon Perry,,,,Devonport City Council,http://www.devonport.tas.gov.au/,devonport_city_council/leon_perry,,,,,
Annette Rockliff,,,Deputy Mayor,Devonport City Council,http://www.devonport.tas.gov.au/,devonport_city_council/annette_rockliff,,,,,
Lawrence Archer,,,,Dorset Council,http://www.dorset.tas.gov.au/,dorset_council/lawrence_archer,,,,,
Steven Arnold,,,,Dorset Council,http://www.dorset.tas.gov.au/,dorset_council/steven_arnold,,,,,
Maxwell Hall,,,,Dorset Council,http://www.dorset.tas.gov.au/,dorset_council/maxwell_hall,,,,,
Greg Howard,,,Mayor,Dorset Council,http://www.dorset.tas.gov.au/,dorset_council/greg_howard,,,,,
Dale Jessup,,,,Dorset Council,http://www.dorset.tas.gov.au/,dorset_council/dale_jessup,,,,,
Sheryl Martin,,,,Dorset Council,http://www.dorset.tas.gov.au/,dorset_council/sheryl_martin,,,,,
Shaun Moore,,,,Dorset Council,http://www.dorset.tas.gov.au/,dorset_council/shaun_moore,,,,,
Leon Quilliam,,,,Dorset Council,http://www.dorset.tas.gov.au/,dorset_council/leon_quilliam,,,,,
Leonie Stein,,,,Dorset Council,http://www.dorset.tas.gov.au/,dorset_council/leonie_stein,,,,,
Marc Cobham,,,Deputy Mayor,Flinders Council,http://www.flinders.tas.gov.au/,flinders_council/marc_cobham,,,,,
Carol Cox,,,Mayor,Flinders Council,http://www.flinders.tas.gov.au/,flinders_council/carol_cox,,,,,
Chris Rhodes,,,,Flinders Council,http://www.flinders.tas.gov.au/,flinders_council/chris_rhodes,,,,,
Peter Rhodes,,,,Flinders Council,http://www.flinders.tas.gov.au/,flinders_council/peter_rhodes,,,,,
Ken Stockton,,,,Flinders Council,http://www.flinders.tas.gov.au/,flinders_council/ken_stockton,,,,,
David Williams,,,,Flinders Council,http://www.flinders.tas.gov.au/,flinders_council/david_williams,,,,,
Gerald Willis,,,,Flinders Council,http://www.flinders.tas.gov.au/,flinders_council/gerald_willis,,,,,
Bridget Archer,,,Mayor,George Town Council,http://www.georgetown.tas.gov.au/,george_town_council/bridget_archer,,,,,
Heather Barwick,,,,George Town Council,http://www.georgetown.tas.gov.au/,george_town_council/heather_barwick,,,,,
Doug Burt,,,,George Town Council,http://www.georgetown.tas.gov.au/,george_town_council/doug_burt,,,,,
Greg Dawson,,,,George Town Council,http://www.georgetown.tas.gov.au/,george_town_council/greg_dawson,,,,,
John Glisson,,,,George Town Council,http://www.georgetown.tas.gov.au/,george_town_council/john_glisson,,,,,
Tim Harris,,,Deputy Mayor,George Town Council,http://www.georgetown.tas.gov.au/,george_town_council/tim_harris,,,,,
Richard Nicholls,,,,George Town Council,http://www.georgetown.tas.gov.au/,george_town_council/richard_nicholls,,,,,
Tim Parish,,,,George Town Council,http://www.georgetown.tas.gov.au/,george_town_council/tim_parish,,,,,
Peter Parkes,,,,George Town Council,http://www.georgetown.tas.gov.au/,george_town_council/peter_parkes,,,,,
Cheryl Arnol,,,,Glamorgan-Spring Bay Council,http://www.gsbc.tas.gov.au/,glamorgan-spring_bay_council/cheryl_arnol,,,,,
Bertrand Cadart,,,,Glamorgan-Spring Bay Council,http://www.gsbc.tas.gov.au/,glamorgan-spring_bay_council/bertrand_cadart,,,,,
Jenifer Crawford,,,,Glamorgan-Spring Bay Council,http://www.gsbc.tas.gov.au/,glamorgan-spring_bay_council/jenifer_crawford,,,,,
Michael Kent,,,Mayor,Glamorgan-Spring Bay Council,http://www.gsbc.tas.gov.au/,glamorgan-spring_bay_council/michael_kent,,,,,
Greg Raspin,,,,Glamorgan-Spring Bay Council,http://www.gsbc.tas.gov.au/,glamorgan-spring_bay_council/greg_raspin,,,,,
Britt Steiner,,,,Glamorgan-Spring Bay Council,http://www.gsbc.tas.gov.au/,glamorgan-spring_bay_council/britt_steiner,,,,,
Debbie Wisby,,,,Glamorgan-Spring Bay Council,http://www.gsbc.tas.gov.au/,glamorgan-spring_bay_council/debbie_wisby,,,,,
Jenny Woods,,,,Glamorgan-Spring Bay Council,http://www.gsbc.tas.gov.au/,glamorgan-spring_bay_council/jenny_woods,,,,,
Jennifer Branch-Allen,,,,Glenorchy City Council,http://www.gcc.tas.gov.au/,glenorchy_city_council/jennifer_branch-allen,,,,,
Jan Dunsby,,,,Glenorchy City Council,http://www.gcc.tas.gov.au/,glenorchy_city_council/jan_dunsby,,,,,
Kristie Johnston,,,Mayor,Glenorchy City Council,http://www.gcc.tas.gov.au/,glenorchy_city_council/kristie_johnston,,,,,
Steven King,,,,Glenorchy City Council,http://www.gcc.tas.gov.au/,glenorchy_city_council/steven_king,,,,,
Christine Lucas,,,,Glenorchy City Council,http://www.gcc.tas.gov.au/,glenorchy_city_council/christine_lucas,,,,,
Haydyn Nielsen,,,,Glenorchy City Council,http://www.gcc.tas.gov.au/,glenorchy_city_council/haydyn_nielsen,,,,,
David Pearce,,,,Glenorchy City Council,http://www.gcc.tas.gov.au/,glenorchy_city_council/david_pearce,,,,,
Harry Quick,,,Deputy Mayor,Glenorchy City Council,http://www.gcc.tas.gov.au/,glenorchy_city_council/harry_quick,,,,,
Stuart Slade,,,,Glenorchy City Council,http://www.gcc.tas.gov.au/,glenorchy_city_council/stuart_slade,,,,,
Matt Stevenson,,,,Glenorchy City Council,http://www.gcc.tas.gov.au/,glenorchy_city_council/matt_stevenson,,,,,
Jeff Briscoe,,,,Hobart City Council,http://www.hobartcity.com.au/,hobart_city_council/jeff_briscoe,ald.briscoe@hobartcity.com.au,https://www.hobartcity.com.au/files/assets/public/council-meetings-aldermen/aldermen-images-and-information/alderman-briscoe-cropped-custom.jpg?w=364,Independent,http://www.hobartcity.com.au/Council/Aldermen,
Helen Burnet,,,,Hobart City Council,http://www.hobartcity.com.au/,hobart_city_council/helen_burnet,ald.burnet@hobartcity.com.au,https://www.hobartcity.com.au/files/assets/public/council-meetings-aldermen/aldermen-images-and-information/burnet_2014-custom.jpg?w=364,Greens,http://www.hobartcity.com.au/Council/Aldermen,
Ron Christie,,,Deputy Mayor,Hobart City Council,http://www.hobartcity.com.au/,hobart_city_council/ron_christie,ald.christie@hobartcity.com.au,https://www.hobartcity.com.au/files/assets/public/council-meetings-aldermen/aldermen-images-and-information/r-christie-custom.jpg?w=364,Independent,http://www.hobartcity.com.au/Council/Aldermen,
Philip Cocker,,,,Hobart City Council,http://www.hobartcity.com.au/,hobart_city_council/philip_cocker,ald.cocker@hobartcity.com.au,https://www.hobartcity.com.au/files/assets/public/council-meetings-aldermen/aldermen-images-and-information/alderman_cocker_cropped_web_size.jpg?w=364,Greens,http://www.hobartcity.com.au/Council/Aldermen,
Bill Harvey,,,,Hobart City Council,http://www.hobartcity.com.au/,hobart_city_council/bill_harvey,ald.harvey@hobartcity.com.au,https://www.hobartcity.com.au/files/assets/public/council-meetings-aldermen/aldermen-images-and-information/bill-harvey-preferred-portrait-400x400-custom.jpg?w=364,Greens,http://www.hobartcity.com.au/Council/Aldermen,
Tanya Denison,,,,Hobart City Council,http://www.hobartcity.com.au/,hobart_city_council/tanya_denison,ald.denison@hobartcity.com.au,https://www.hobartcity.com.au/files/assets/public/council-meetings-aldermen/aldermen-images-and-information/bcards-custom.jpg?w=364,Independent,http://www.hobartcity.com.au/Council/Aldermen,
Sue Hickey,,,Lord Mayor,Hobart City Council,http://www.hobartcity.com.au/,hobart_city_council/sue_hickey,ald.hickey@hobartcity.com.au,https://www.hobartcity.com.au/files/assets/public/council-meetings-aldermen/aldermen-images-and-information/s-hickey.jpg?w=364,Independent,http://www.hobartcity.com.au/Council/Aldermen,
Anna Reynolds,,,,Hobart City Council,http://www.hobartcity.com.au/,hobart_city_council/anna_reynolds,ald.reynolds@hobartcity.com.au,https://www.hobartcity.com.au/files/assets/public/council-meetings-aldermen/aldermen-images-and-information/ald-reynolds-custom.jpg?w=364,Greens,http://www.hobartcity.com.au/Council/Aldermen,
Eva Ruzicka,,,,Hobart City Council,http://www.hobartcity.com.au/,hobart_city_council/eva_ruzicka,ald.ruzicka@hobartcity.com.au,https://www.hobartcity.com.au/files/assets/public/council-meetings-aldermen/aldermen-images-and-information/ald-eva-ruzicka-custom.jpg?w=364,Independent,http://www.hobartcity.com.au/Council/Aldermen,
Peter Sexton,,,,Hobart City Council,http://www.hobartcity.com.au/,hobart_city_council/peter_sexton,ald.sexton@hobartcity.com.au,https://www.hobartcity.com.au/files/assets/public/council-meetings-aldermen/aldermen-images-and-information/sexton_august-2014-custom.jpg?w=364,Independent,http://www.hobartcity.com.au/Council/Aldermen,
Damon Thomas,,,,Hobart City Council,http://www.hobartcity.com.au/,hobart_city_council/damon_thomas,ald.thomas@hobartcity.com.au,https://www.hobartcity.com.au/files/assets/public/council-meetings-aldermen/aldermen-images-and-information/thomas_2014-custom.jpg?w=364,Independent,http://www.hobartcity.com.au/Council/Aldermen,
Marti Zucco,,,,Hobart City Council,http://www.hobartcity.com.au/,hobart_city_council/marti_zucco,ald.zucco@hobartcity.com.au,https://www.hobartcity.com.au/files/assets/public/council-meetings-aldermen/aldermen-images-and-information/zucco-marti_sept-2014-custom.jpg?w=364,Independent,http://www.hobartcity.com.au/Council/Aldermen,
Peter Coad,,,Mayor,Huon Valley Council,http://www.huonvalley.tas.gov.au/,huon_valley_council/peter_coad,,http://www.huonvalley.tas.gov.au/wp-content/uploads/2014/12/Mayor-PETER-Coad-2014_Small-file-e1418076280362.jpg,Independent,http://www.huonvalley.tas.gov.au/council/members/,
Lydia Eastley,,,,Huon Valley Council,http://www.huonvalley.tas.gov.au/,huon_valley_council/lydia_eastley,,http://www.huonvalley.tas.gov.au/wp-content/uploads/2014/12/LYDIA-Eastley-2014_Small-file-200x300.jpg,Independent,http://www.huonvalley.tas.gov.au/council/members/,
Bruce Heron,,,,Huon Valley Council,http://www.huonvalley.tas.gov.au/,huon_valley_council/bruce_heron,,http://www.huonvalley.tas.gov.au/wp-content/uploads/2014/12/BRUCE-Heron-2014_Small-file-200x300.jpg,Independent,http://www.huonvalley.tas.gov.au/council/members/,
Ian Mackintosh,,,,Huon Valley Council,http://www.huonvalley.tas.gov.au/,huon_valley_council/ian_mackintosh,,http://www.huonvalley.tas.gov.au/wp-content/uploads/2014/09/Councillor-Mackintosh-400x369.jpg,Greens,http://www.huonvalley.tas.gov.au/council/members/,
Ian Paul,,,Deputy Mayor,Huon Valley Council,http://www.huonvalley.tas.gov.au/,huon_valley_council/ian_paul,,http://www.huonvalley.tas.gov.au/wp-content/uploads/2014/12/IAN-Paul-2014_Small-file-200x300.jpg,Independent,http://www.huonvalley.tas.gov.au/council/members/,
Pavel Ruzicka,,,,Huon Valley Council,http://www.huonvalley.tas.gov.au/,huon_valley_council/pavel_ruzicka,,http://www.huonvalley.tas.gov.au/wp-content/uploads/2014/12/PAVEL-Ruzicka-2014_Small-file-200x300.jpg,Independent,http://www.huonvalley.tas.gov.au/council/members/,
Liz Smith,,,,Huon Valley Council,http://www.huonvalley.tas.gov.au/,huon_valley_council/liz_smith,,http://www.huonvalley.tas.gov.au/wp-content/uploads/2014/12/LIZ-Smith-2014_Small-file-200x300.jpg,Independent,http://www.huonvalley.tas.gov.au/council/members/,
Ken Studley,,,,Huon Valley Council,http://www.huonvalley.tas.gov.au/,huon_valley_council/ken_studley,,,Independent,http://www.huonvalley.tas.gov.au/council/members/,
Mike Wilson,,,,Huon Valley Council,http://www.huonvalley.tas.gov.au/,huon_valley_council/mike_wilson,,http://www.huonvalley.tas.gov.au/wp-content/uploads/2014/12/MIKE-Wilson-2014_Small-file-200x300.jpg,Independent,http://www.huonvalley.tas.gov.au/council/members/,
Rodney Blenkhorn,,,,Kentish Council,http://www.kentish.tas.gov.au/,kentish_council/rodney_blenkhorn,,,,,
Linda Cassidy,,,,Kentish Council,http://www.kentish.tas.gov.au/,kentish_council/linda_cassidy,,,,,
Kate Haberle,,,,Kentish Council,http://www.kentish.tas.gov.au/,kentish_council/kate_haberle,,,,,
Terry Hughes,,,,Kentish Council,http://www.kentish.tas.gov.au/,kentish_council/terry_hughes,,,,,
Penny Lane,,,,Kentish Council,http://www.kentish.tas.gov.au/,kentish_council/penny_lane,,,,,
Phillip Richards,,,,Kentish Council,http://www.kentish.tas.gov.au/,kentish_council/phillip_richards,,,,,
Don Thwaites,,,Mayor,Kentish Council,http://www.kentish.tas.gov.au/,kentish_council/don_thwaites,,,,,
Annie Willcock,,,,Kentish Council,http://www.kentish.tas.gov.au/,kentish_council/annie_willcock,,,,,
Tim Wilson,,,Deputy Mayor,Kentish Council,http://www.kentish.tas.gov.au/,kentish_council/tim_wilson,,,,,
Jim Benn,,,,King Island Council,http://www.kingisland.tas.gov.au/,king_island_council/jim_benn,,,,,
David Bowling,,,,King Island Council,http://www.kingisland.tas.gov.au/,king_island_council/david_bowling,,,,,
Douglas Collins,,,,King Island Council,http://www.kingisland.tas.gov.au/,king_island_council/douglas_collins,,,,,
Royce Conley,,,,King Island Council,http://www.kingisland.tas.gov.au/,king_island_council/royce_conley,,,,,
Jim Cooper,,,Deputy Mayor,King Island Council,http://www.kingisland.tas.gov.au/,king_island_council/jim_cooper,,,,,
Sally Haneveer,,,,King Island Council,http://www.kingisland.tas.gov.au/,king_island_council/sally_haneveer,,,,,
Duncan McFie,,,Mayor,King Island Council,http://www.kingisland.tas.gov.au/,king_island_council/duncan_mcfie,,,,,
David Munday,,,,King Island Council,http://www.kingisland.tas.gov.au/,king_island_council/david_munday,,,,,
Kirsty Russell,,,,King Island Council,http://www.kingisland.tas.gov.au/,king_island_council/kirsty_russell,,,,,
Richard Atkinson,,,,Kingborough Council,http://www.kingborough.tas.gov.au/,kingborough_council/richard_atkinson,cr.richardatkinson@kingborough.tas.gov.au,http://www.kingborough.tas.gov.au/webdata/resources/contact/Atkinson.jpg,,http://www.kingborough.tas.gov.au/page.aspx?u=512&t=uList&ulistId=0&c=1050,
Sue Bastone,,,,Kingborough Council,http://www.kingborough.tas.gov.au/,kingborough_council/sue_bastone,cr.suebastone@kingborough.tas.gov.au,http://www.kingborough.tas.gov.au/webdata/resources/contact/Sue.jpg,,http://www.kingborough.tas.gov.au/page.aspx?u=512&t=uList&ulistId=0&c=18498,
Graham Bury,,,,Kingborough Council,http://www.kingborough.tas.gov.au/,kingborough_council/graham_bury,cr.grahambury@bigpond.com,http://www.kingborough.tas.gov.au/webdata/resources/contact/Mayor-Graham-Bury.jpg,,http://www.kingborough.tas.gov.au/page.aspx?u=512&t=uList&ulistId=0&c=292,
Flora Fox,,,,Kingborough Council,http://www.kingborough.tas.gov.au/,kingborough_council/flora_fox,cr.florafox@bigpond.com,http://www.kingborough.tas.gov.au/webdata/resources/contact/Cr-Flora-Fox.jpg,,http://www.kingborough.tas.gov.au/page.aspx?u=512&t=uList&ulistId=0&c=283,
David Grace,,,,Kingborough Council,http://www.kingborough.tas.gov.au/,kingborough_council/david_grace,cr.davidgrace@bigpond.com,http://www.kingborough.tas.gov.au/webdata/resources/contact/Cr-David-Grace.jpg,,http://www.kingborough.tas.gov.au/page.aspx?u=512&t=uList&ulistId=0&c=293,
Michael Percey,,,,Kingborough Council,http://www.kingborough.tas.gov.au/,kingborough_council/michael_percey,cr.mikepercey@kingborough.tas.gov.au,http://www.kingborough.tas.gov.au/webdata/resources/contact/Percey.jpg,,http://www.kingborough.tas.gov.au/page.aspx?u=512&t=uList&ulistId=0&c=282,
Paul Chatterton,,,,Kingborough Council,http://www.kingborough.tas.gov.au/,kingborough_council/paul_chatterton,cr.paulchatterton@bigpond.com,http://www.kingborough.tas.gov.au/webdata/resources/contact/Chatterton%20(web).jpg,,http://www.kingborough.tas.gov.au/page.aspx?u=512&t=uList&ulistId=0&c=19722,
Steve Wass,,,Mayor,Kingborough Council,http://www.kingborough.tas.gov.au/,kingborough_council/steve_wass,stevewass@hotmail.com,http://www.kingborough.tas.gov.au/webdata/resources/contact/Cr-Steve-Wass.jpg,,http://www.kingborough.tas.gov.au/page.aspx?u=512&t=uList&ulistId=0&c=286,
Dean Winter,,,,Kingborough Council,http://www.kingborough.tas.gov.au/,kingborough_council/dean_winter,cr.deanwinter@kingborough.tas.gov.au,http://www.kingborough.tas.gov.au/webdata/resources/contact/Cr%20Dean%20Winter%20New.jpg,,http://www.kingborough.tas.gov.au/page.aspx?u=512&t=uList&ulistId=0&c=289,
Paula Wriedt,,,Deputy Mayor,Kingborough Council,http://www.kingborough.tas.gov.au/,kingborough_council/paula_wriedt,cr.paulawriedt@bigpond.com,http://www.kingborough.tas.gov.au/webdata/resources/contact/Cr-Paula-Wriedt.jpg,,http://www.kingborough.tas.gov.au/page.aspx?u=512&t=uList&ulistId=0&c=5151,
Graeme Brown,,,,Latrobe Council,http://www.latrobe.tas.gov.au/,latrobe_council/graeme_brown,,,,,
Dayna Dennison,,,,Latrobe Council,http://www.latrobe.tas.gov.au/,latrobe_council/dayna_dennison,,,,,
Peter Freshney,,,Mayor,Latrobe Council,http://www.latrobe.tas.gov.au/,latrobe_council/peter_freshney,,,,,
Mike McLaren,,,,Latrobe Council,http://www.latrobe.tas.gov.au/,latrobe_council/mike_mclaren,,,,,
John Perkins,,,,Latrobe Council,http://www.latrobe.tas.gov.au/,latrobe_council/john_perkins,,,,,
Rick Rockliff,,,Deputy Mayor,Latrobe Council,http://www.latrobe.tas.gov.au/,latrobe_council/rick_rockliff,,,,,
Garry Sims,,,,Latrobe Council,http://www.latrobe.tas.gov.au/,latrobe_council/garry_sims,,,,,
Gerrad Wicks,,,,Latrobe Council,http://www.latrobe.tas.gov.au/,latrobe_council/gerrad_wicks,,,,,
Lesley Young,,,,Latrobe Council,http://www.latrobe.tas.gov.au/,latrobe_council/lesley_young,,,,,
Jim Cox,,,,Launceston City Council,http://www.launceston.tas.gov.au/,launceston_city_council/jim_cox,Jim.Cox@launceston.tas.gov.au,https://www.launceston.tas.gov.au/files/content/public/council/meet-us/lcc1016-118.jpg,,https://www.launceston.tas.gov.au/Council/Meet-Us#section-10,
Nick Daking,,,,Launceston City Council,http://www.launceston.tas.gov.au/,launceston_city_council/nick_daking,nick.daking@launceston.tas.gov.au,https://www.launceston.tas.gov.au/files/assets/public/council/elected-officials/nick-daking.png,,https://www.launceston.tas.gov.au/Council/Meet-Us#section-5,
Andrea Dawkins,,,,Launceston City Council,http://www.launceston.tas.gov.au/,launceston_city_council/andrea_dawkins,andrea.dawkins@launceston.tas.gov.au,https://www.launceston.tas.gov.au/files/assets/public/council/elected-officials/alderman-dawkins.png,,https://www.launceston.tas.gov.au/Council/Meet-Us#section-4,
Janie Finlay,,,,Launceston City Council,http://www.launceston.tas.gov.au/,launceston_city_council/janie_finlay,Janie.Finlay@launceston.tas.gov.au,http://www.launceston.tas.gov.au/files/content/public/council/meet-us/port0616-102.jpg,,https://www.launceston.tas.gov.au/Council/Meet-Us#section-3,
Danny Gibson,,,Deputy Mayor,Launceston City Council,http://www.launceston.tas.gov.au/,launceston_city_council/danny_gibson,Danny.Gibson@launceston.tas.gov.au,http://www.launceston.tas.gov.au/files/content/public/council/meet-us/lcc1016-116.jpg,,https://www.launceston.tas.gov.au/Council/Meet-Us#section-2,
Alan Harris,,,,Launceston City Council,http://www.launceston.tas.gov.au/,launceston_city_council/alan_harris,alan.harris@launceston.tas.gov.au,http://www.launceston.tas.gov.au/files/assets/public/council/elected-officials/alan-harris.png,,https://www.launceston.tas.gov.au/Council/Meet-Us#section-11,
Hugh McKenzie,,,,Launceston City Council,http://www.launceston.tas.gov.au/,launceston_city_council/hugh_mckenzie,Hugh.Mckenzie@launceston.tas.gov.au,http://www.launceston.tas.gov.au/files/content/public/council/meet-us/lcc1016-117.jpg,,https://www.launceston.tas.gov.au/Council/Meet-Us#section-6,
Rob Soward,,,,Launceston City Council,http://www.launceston.tas.gov.au/,launceston_city_council/rob_soward,Rob.Soward@launceston.tas.gov.au,http://www.launceston.tas.gov.au/files/content/public/council/meet-us/lcc1016-120.jpg,,https://www.launceston.tas.gov.au/Council/Meet-Us#section-8,
Paul Spencer,,,,Launceston City Council,http://www.launceston.tas.gov.au/,launceston_city_council/paul_spencer,paul.spencer@launceston.tas.gov.au,http://www.launceston.tas.gov.au/files/content/public/council/meet-us/paul-spencer.png,,https://www.launceston.tas.gov.au/Council/Meet-Us#section-9,
Karina Stojansek,,,,Launceston City Council,http://www.launceston.tas.gov.au/,launceston_city_council/karina_stojansek,Karina.Stojansek@launceston.tas.gov.au,http://www.launceston.tas.gov.au/files/content/public/council/meet-us/lcc1016-121.jpg,,https://www.launceston.tas.gov.au/Council/Meet-Us#section-7,
Albert van Zetten,,,Mayor,Launceston City Council,http://www.launceston.tas.gov.au/,launceston_city_council/albert_van_zetten,mayor@launceston.tas.gov.au,http://www.launceston.tas.gov.au/files/content/public/council/meet-us/albert-van-zetten.jpg,,https://www.launceston.tas.gov.au/Council/Meet-Us#section-1,
Tim Walker,,,,Launceston City Council,http://www.launceston.tas.gov.au/,launceston_city_council/tim_walker,tim.walker@launceston.tas.gov.au,http://www.launceston.tas.gov.au/files/assets/public/council/elected-officials/tim-walker.png,,https://www.launceston.tas.gov.au/Council/Meet-Us#section-12,
Andrew Connor,,,,Meander Valley Council,http://www.meander.tas.gov.au/,meander_valley_council/andrew_connor,,,,,
Michael Kelly,,,Deputy Mayor,Meander Valley Council,http://www.meander.tas.gov.au/,meander_valley_council/michael_kelly,,,,,
Tanya King,,,,Meander Valley Council,http://www.meander.tas.gov.au/,meander_valley_council/tanya_king,,,,,
Ian Mackenzie,,,,Meander Valley Council,http://www.meander.tas.gov.au/,meander_valley_council/ian_mackenzie,,,,,
Craig Perkins,,,Mayor,Meander Valley Council,http://www.meander.tas.gov.au/,meander_valley_council/craig_perkins,,,,,
Bob Richardson,,,,Meander Valley Council,http://www.meander.tas.gov.au/,meander_valley_council/bob_richardson,,,,,
Rodney Synfield,,,,Meander Valley Council,http://www.meander.tas.gov.au/,meander_valley_council/rodney_synfield,,,,,
Deborah White,,,,Meander Valley Council,http://www.meander.tas.gov.au/,meander_valley_council/deborah_white,,,,,
Rodney Youd,,,,Meander Valley Council,http://www.meander.tas.gov.au/,meander_valley_council/rodney_youd,,,,,
Dick Adams,,,,Northern Midlands Council,http://www.northernmidlands.tas.gov.au/,northern_midlands_council/dick_adams,,,,,
Andrew Calvert,,,,Northern Midlands Council,http://www.northernmidlands.tas.gov.au/,northern_midlands_council/andrew_calvert,,,,,
David Downie,,,Mayor,Northern Midlands Council,http://www.northernmidlands.tas.gov.au/,northern_midlands_council/david_downie,,,,,
Ian Goninon,,,,Northern Midlands Council,http://www.northernmidlands.tas.gov.au/,northern_midlands_council/ian_goninon,,,,,
Leisa Gordon,,,,Northern Midlands Council,http://www.northernmidlands.tas.gov.au/,northern_midlands_council/leisa_gordon,,,,,
Richard Goss,,,Deputy Mayor,Northern Midlands Council,http://www.northernmidlands.tas.gov.au/,northern_midlands_council/richard_goss,,,,,
Mary Knowles,,,,Northern Midlands Council,http://www.northernmidlands.tas.gov.au/,northern_midlands_council/mary_knowles,,,,,
Janet Lambert,,,,Northern Midlands Council,http://www.northernmidlands.tas.gov.au/,northern_midlands_council/janet_lambert,,,,,
Michael Polley,,,,Northern Midlands Council,http://www.northernmidlands.tas.gov.au/,northern_midlands_council/michael_polley,,,,,
Deborah De Williams,,,,Sorell Council,http://www.sorell.tas.gov.au/,sorell_council/deborah_de_williams,,,,,
Kerry Degrassi,,,,Sorell Council,http://www.sorell.tas.gov.au/,sorell_council/kerry_degrassi,,,,,
Graeme Evans,,,,Sorell Council,http://www.sorell.tas.gov.au/,sorell_council/graeme_evans,,,,,
Vlad Gala,,,,Sorell Council,http://www.sorell.tas.gov.au/,sorell_council/vlad_gala,,,,,
Brett McDonald,,,Deputy Mayor,Sorell Council,http://www.sorell.tas.gov.au/,sorell_council/brett_mcdonald,,,,,
Natham Reynolds,,,,Sorell Council,http://www.sorell.tas.gov.au/,sorell_council/natham_reynolds,,,,,
Carmel Torenius,,,,Sorell Council,http://www.sorell.tas.gov.au/,sorell_council/carmel_torenius,,,,,
Kerry Vincent,,,Mayor,Sorell Council,http://www.sorell.tas.gov.au/,sorell_council/kerry_vincent,,,,,
Lindsay White,,,,Sorell Council,http://www.sorell.tas.gov.au/,sorell_council/lindsay_white,,,,,
Tony Bantick,,,,Southern Midlands Council,http://www.southernmidlands.tas.gov.au/,southern_midlands_council/tony_bantick,,,,,
Edwin Batt,,,,Southern Midlands Council,http://www.southernmidlands.tas.gov.au/,southern_midlands_council/edwin_batt,,,,,
Tony Bisdee,,,Mayor,Southern Midlands Council,http://www.southernmidlands.tas.gov.au/,southern_midlands_council/tony_bisdee,,,,,
Bob Campbell,,,,Southern Midlands Council,http://www.southernmidlands.tas.gov.au/,southern_midlands_council/bob_campbell,,,,,
Donald Fish,,,,Southern Midlands Council,http://www.southernmidlands.tas.gov.au/,southern_midlands_council/donald_fish,,,,,
Alex Green,,,,Southern Midlands Council,http://www.southernmidlands.tas.gov.au/,southern_midlands_council/alex_green,,,,,
Mark Jones,,,Deputy Mayor,Southern Midlands Council,http://www.southernmidlands.tas.gov.au/,southern_midlands_council/mark_jones,,,,,
Pam Fenerty,,,,Tasman Council,http://www.tasman.tas.gov.au/,tasman_council/pam_fenerty,,,,,
Roseanne Heyward,,,Mayor,Tasman Council,http://www.tasman.tas.gov.au/,tasman_council/roseanne_heyward,,,,,
Alan Hull,,,,Tasman Council,http://www.tasman.tas.gov.au/,tasman_council/alan_hull,,,,,
Roger Larner,,,,Tasman Council,http://www.tasman.tas.gov.au/,tasman_council/roger_larner,,,,,
David Macdonald,,,,Tasman Council,http://www.tasman.tas.gov.au/,tasman_council/david_macdonald,,,,,
Kelly Spaulding,,,Deputy Mayor,Tasman Council,http://www.tasman.tas.gov.au/,tasman_council/kelly_spaulding,,,,,
Maria Stacey,,,,Tasman Council,http://www.tasman.tas.gov.au/,tasman_council/maria_stacey,,,,,
Maureen Bradley,,,,Waratah-Wynyard Council,http://www.warwyn.tas.gov.au/,waratah-wynyard_council/maureen_bradley,,,,,
Gary Bramich,,,,Waratah-Wynyard Council,http://www.warwyn.tas.gov.au/,waratah-wynyard_council/gary_bramich,,,,,
Mary Duniam,,,Deputy Mayor,Waratah-Wynyard Council,http://www.warwyn.tas.gov.au/,waratah-wynyard_council/mary_duniam,,,,,
Darren Fairbrother,,,,Waratah-Wynyard Council,http://www.warwyn.tas.gov.au/,waratah-wynyard_council/darren_fairbrother,,,,,
Alwyn Friedersdorff,,,,Waratah-Wynyard Council,http://www.warwyn.tas.gov.au/,waratah-wynyard_council/alwyn_friedersdorff,,,,,
Kevin Hyland,,,,Waratah-Wynyard Council,http://www.warwyn.tas.gov.au/,waratah-wynyard_council/kevin_hyland,,,,,
Robert Walsh,,,,Waratah-Wynyard Council,http://www.warwyn.tas.gov.au/,waratah-wynyard_council/robert_walsh,,,,,
Stephen Wright,,,,Waratah-Wynyard Council,http://www.warwyn.tas.gov.au/,waratah-wynyard_council/stephen_wright,,,,,
Robyn Gerrity,,,,West Coast Council,http://www.westcoast.tas.gov.au/,west_coast_council/robyn_gerrity,,,,,
Al Medwin,,,,West Coast Council,http://www.westcoast.tas.gov.au/,west_coast_council/al_medwin,,,,,
Lindsay Newman,,,,West Coast Council,http://www.westcoast.tas.gov.au/,west_coast_council/lindsay_newman,,,,,
Lyn O'Grady,,,,West Coast Council,http://www.westcoast.tas.gov.au/,west_coast_council/lyn_o'grady,,,,,
Shane Pitt,,,Deputy Mayor,West Coast Council,http://www.westcoast.tas.gov.au/,west_coast_council/shane_pitt,,,,,
Terry Shea,,,,West Coast Council,http://www.westcoast.tas.gov.au/,west_coast_council/terry_shea,,,,,
Scott Stringer,,,,West Coast Council,http://www.westcoast.tas.gov.au/,west_coast_council/scott_stringer,,,,,
Leigh Stlyes,,,,West Coast Council,http://www.westcoast.tas.gov.au/,west_coast_council/leigh_stlyes,,,,,
Phil Vickers,,,Mayor,West Coast Council,http://www.westcoast.tas.gov.au/,west_coast_council/phil_vickers,,,,,
Joy Allen,,,Deputy Mayor,West Tamar Council,http://www.wtc.tas.gov.au/,west_tamar_council/joy_allen,,,,,
Carol Bracken,,,,West Tamar Council,http://www.wtc.tas.gov.au/,west_tamar_council/carol_bracken,,,,,
Linden Ferguson,,,,West Tamar Council,http://www.wtc.tas.gov.au/,west_tamar_council/linden_ferguson,,,,,
Christina Holmdahl,,,Mayor,West Tamar Council,http://www.wtc.tas.gov.au/,west_tamar_council/christina_holmdahl,,,,,
Richard Ireland,,,,West Tamar Council,http://www.wtc.tas.gov.au/,west_tamar_council/richard_ireland,,,,,
Peter Kearney,,,,West Tamar Council,http://www.wtc.tas.gov.au/,west_tamar_council/peter_kearney,,,,,
Geoff Lyons,,,,West Tamar Council,http://www.wtc.tas.gov.au/,west_tamar_council/geoff_lyons,,,,,
Rich Shegog,,,,West Tamar Council,http://www.wtc.tas.gov.au/,west_tamar_council/rich_shegog,,,,,
Tim Woinarski,,,,West Tamar Council,http://www.wtc.tas.gov.au/,west_tamar_council/tim_woinarski,,,,,
